<?xml version="1.0" encoding="utf-8"?>
<permissions>
   <privapp-permissions package="com.android.vending">
      <permission name="android.permission.ACCESS_COARSE_LOCATION"/>
      <permission name="android.permission.ACCESS_DOWNLOAD_MANAGER"/>
      <permission name="android.permission.ACCESS_DOWNLOAD_MANAGER_ADVANCED"/>
      <permission name="android.permission.ACCESS_INSTANT_APPS"/>
      <permission name="android.permission.ACCESS_NETWORK_STATE"/>
      <permission name="android.permission.ACCESS_WIFI_STATE"/>
      <permission name="android.permission.ALLOCATE_AGGRESSIVE"/>
      <permission name="android.permission.AUTHENTICATE_ACCOUNTS"/>
      <permission name="android.permission.BACKUP"/>
      <permission name="android.permission.BATTERY_STATS"/>
      <permission name="android.permission.BLUETOOTH"/>
      <permission name="android.permission.BLUETOOTH_ADMIN"/>
      <permission name="android.permission.BLUETOOTH_ADVERTISE"/>
      <permission name="android.permission.BLUETOOTH_CONNECT"/>
      <permission name="android.permission.BLUETOOTH_SCAN"/>
      <permission name="android.permission.CHANGE_COMPONENT_ENABLED_STATE"/>
      <permission name="android.permission.CHANGE_DEVICE_IDLE_TEMP_WHITELIST"/>
      <permission name="android.permission.CHANGE_NETWORK_STATE"/>
      <permission name="android.permission.CHANGE_OVERLAY_PACKAGES"/>
      <permission name="android.permission.CHANGE_WIFI_STATE"/>
      <permission name="android.permission.CLEAR_APP_CACHE"/>
      <permission name="android.permission.CONNECTIVITY_INTERNAL"/>
      <permission name="android.permission.DELETE_PACKAGES"/>
      <permission name="android.permission.DUMP"/>
      <permission name="android.permission.FORCE_STOP_PACKAGES"/>
      <permission name="android.permission.FOREGROUND_SERVICE"/>
      <permission name="android.permission.GET_ACCOUNTS"/>
      <permission name="android.permission.GET_ACCOUNTS_PRIVILEGED"/>
      <permission name="android.permission.GET_APP_OPS_STATS"/>
      <permission name="android.permission.GET_PACKAGE_SIZE"/>
      <permission name="android.permission.GET_TASKS"/>
      <permission name="android.permission.GRANT_RUNTIME_PERMISSIONS"/>
      <permission name="android.permission.HIDE_NON_SYSTEM_OVERLAY_WINDOWS"/>
      <permission name="android.permission.INSTALL_GRANT_RUNTIME_PERMISSIONS"/>
      <permission name="android.permission.INSTALL_PACKAGES"/>
      <permission name="android.permission.INTERACT_ACROSS_USERS"/>
      <permission name="android.permission.INTERNET"/>
      <permission name="android.permission.LAUNCH_TWO_PANE_SETTINGS_DEEP_LINK"/>
      <permission name="android.permission.LOADER_USAGE_STATS"/>
      <permission name="android.permission.MANAGE_ACCOUNTS"/>
      <permission name="android.permission.MANAGE_APP_OPS_MODES"/>
      <permission name="android.permission.MANAGE_CLOUDSEARCH"/>
      <permission name="android.permission.MANAGE_ROLLBACKS"/>
      <permission name="android.permission.MANAGE_USERS"/>
      <permission name="android.permission.NFC"/>
      <permission name="android.permission.OVERRIDE_COMPAT_CHANGE_CONFIG_ON_RELEASE_BUILD"/>
      <permission name="android.permission.PACKAGE_USAGE_STATS"/>
      <permission name="android.permission.PACKAGE_VERIFICATION_AGENT"/>
      <permission name="android.permission.QUERY_ALL_PACKAGES"/>
      <permission name="android.permission.READ_APP_BADGE"/>
      <permission name="android.permission.READ_CONTACTS"/>
      <permission name="android.permission.READ_DEVICE_CONFIG"/>
      <permission name="android.permission.READ_EXTERNAL_STORAGE"/>
      <permission name="android.permission.READ_PHONE_STATE"/>
      <permission name="android.permission.READ_PRIVILEGED_PHONE_STATE"/>
      <permission name="android.permission.READ_RUNTIME_PROFILES"/>
      <permission name="android.permission.READ_SMS"/>
      <permission name="android.permission.REAL_GET_TASKS"/>
      <permission name="android.permission.REBOOT"/>
      <permission name="android.permission.RECEIVE_BOOT_COMPLETED"/>
      <permission name="android.permission.RECEIVE_SMS"/>
      <permission name="android.permission.REVOKE_RUNTIME_PERMISSIONS"/>
      <permission name="android.permission.SEND_DEVICE_CUSTOMIZATION_READY"/>
      <permission name="android.permission.SEND_DOWNLOAD_COMPLETED_INTENTS"/>
      <permission name="android.permission.SEND_SMS"/>
      <permission name="android.permission.SEND_SMS_NO_CONFIRMATION"/>
      <permission name="android.permission.SET_HARMFUL_APP_WARNINGS"/>
      <permission name="android.permission.SET_PREFERRED_APPLICATIONS"/>
      <permission name="android.permission.START_ACTIVITIES_FROM_BACKGROUND"/>
      <permission name="android.permission.STATUS_BAR"/>
      <permission name="android.permission.SUBSTITUTE_NOTIFICATION_APP_NAME"/>
      <permission name="android.permission.UPDATE_DEVICE_STATS"/>
      <permission name="android.permission.USE_BIOMETRIC"/>
      <permission name="android.permission.USE_CREDENTIALS"/>
      <permission name="android.permission.USE_FINGERPRINT"/>
      <permission name="android.permission.VIBRATE"/>
      <permission name="android.permission.WAKE_LOCK"/>
      <permission name="android.permission.WRITE_DEVICE_CONFIG"/>
      <permission name="android.permission.WRITE_EXTERNAL_STORAGE"/>
      <permission name="android.permission.WRITE_SECURE_SETTINGS"/>
      <permission name="android.permission.WRITE_SETTINGS"/>
      <permission name="com.android.permission.USE_INSTALLER_V2"/>
   </privapp-permissions>
</permissions>
